{"loss": 1.5878877639770508, "accuracy": 0.7586206793785095}