{"loss": 2.857927083969116, "accuracy": 0.5948275923728943}